RecipeName,RecipeImage,Ingredients to search,RecipeIngredients,RecipeSteps
Miniature Quesadillas,,chili powder:ground cumin:salt:oregano:cheddar cheese:monterey jack cheese:vegetable oil:flour tortillas:sour cream,"1/4 teaspoon chili powder:1/4 teaspoon ground cumin:1/4 teaspoon salt:1/4 teaspoon dried oregano leaves:1 cup shredded Cheddar cheese:1/2 cup shredded Montery Jack cheese (about 2 ounces):vegetable oil:6 6-7 inch flour tortillas:Salsa, sour cream (optional)","Preparation time - about 5 to 10 minutes:Total time - 20 minutes:4 servings:Combine chili powder, cumin, salt and oregano in large plastic food storage bag. Add Cheddar and Monterey Jack cheese. Shake to coat cheese.:Heat 1/2 tablespoon oil in medium skillet. Place one tortilla in pan and top with 1 cup cheese mixture; top with a second tortilla. Cook 30 seconds, turn; cook 30 seconds longer. Repeat with additional oil remaining tortillas and cheese mixture. Cut each quesadilla into 8 wedges. Serve with salsa and sour cream."
Potato Chips,,potatoes:oil:salt,3 medium baking potatoes (1 pound):oil for deep frying:Salt,"Makes 4-1/2 cups:Wash and peel the potatoes. Using a waffle slicer, knife, or the thinnest slicer on your hand grater, cut the potatoes into very thin slices. Rinse the potatoes well in cold water and thoroughly pat dry with paper toweling. Fry potatoes in oil heated to 365°F. Fry till potatoes are golden brown, about 3 to 5 minutes. Stir potatoes while frying to keep them from sticking together. Drain on paper toweling and sprinkle with salt to taste."
Swedish Meatballs,,beef mince:pork mince:milk:bread:graham cracker crumbs:onion:egg:brown sugar:salt:allspice:ground nutmeg:ground ginger:cloves:pepper:vegetable oil:water,"1 pound lean beef mince:1/2 pound pork mince:2/3 cup milk:1 slice soft bread, torn into small pieces:1/2 cup graham cracker crumbs:1/4 cup finely-chopped onion:1 egg, slightly beaten:1 tablespoon packed brown sugar:1 teaspoon salt:1/4 teaspoon ground allspice:1/4 teaspoon ground nutmeg:1/8 teaspoon ground ginger:1/8 teaspoon ground cloves:1/8 teaspoon pepper:vegetable oil for frying:1/4 cup water","6 servings:Combine ground beef, ground pork, milk, bread, cracker crumbs, onion, egg, brown sugar, salt, allspice, nutmeg, ginger, cloves and pepper in medium mixing bowl. Mix well. Shape into 1/4-inch balls.:Preheat oven to 300°F. Heat about 2 tablespoons oil in medium skillet. Brown a few meatballs at a time over medium-high heat, adding more oil as needed. Place browned meatballs in 12 x 8-inch baking dish. Add water. Cover dish with aluminum foil. Bake at 300°F, 45 to 55 minutes, or until firm."
Blueberry Muffins,,plain flour:sugar:baking powder:salt:milk:egg:butter:blueberries:cinnamon,"1-1/2 cups unsifted all-purpose flour:1/3 cup sugar:2 teaspoons baking powder:1/2 teaspoon salt:3/4 cup milk:1 egg:1/2 cup butter:3/4 cup fresh or frozen (thawed) blueberries, rinsed and drained:Topping::1/3 cup sugar:1/2 teaspoon cinnamon:1/4 cup butter","One dozen muffins:Preheat oven to 400°F. Grease 12 medium muffin cups.:Combine flour with sugar, baking powder and salt. Make ""well"" in center of mixture.:Beat milk and egg with fork until blended. Stir in melted butter. Pour into well in dry mixture. Stir only until dry ingredients are moistened. (Batter will be lumpy.) Fold in blueberries. Spoon into greased muffin cups, filling about two-thirds full. Bake at 400°F until tops are light golden brown, about 22 minutes. Cool 5 minutes. Remove from pans.:For topping combine sugar and cinnamon. Dip each warm muffin top in melted butter and then in cinnamon-sugar. Best served while still warm."
Cinnamon Apple Rolls,,plain flour:sugar:baking powder:salt:milk:vegetable oil:apple:brown sugar:cinnamon:brown sugar:vegetable oil:nuts,"3 cups sifted all-purpose enriched flour:2 tablespoons sugar:4 teaspoons double-acting baking powder:1 teaspoon salt:1 cup milk:1/2 cup vegetable oil:2 cups chopped, pared apple:1/2 cup brown sugar:1 teaspoon cinnamon:1 cup brown sugar:1/2 cup vegetable oil:1/2 cup chopped nuts","Preparation time - 25 minutes:Bake time- 20-25 minutes:Makes 15 rolls:Combine flour, 2 tablespoons sugar, baking powder and salt. Add milk and 1/2 cup oil; stir just enough to hold dough together.:Place on lightly floured surface and knead 10-12 strokes. Roll to 1/4-inch thick rectangle. Cover dough with combined apples, 1/2 cup brown sugar and cinnamon.:Roll up jelly roll fashion. Cut into 1-inch thick pieces. :Combine 1 cup brown sugar, 1/2 cup oil and nuts in bottom of 13 x 9 x 2-inch pan. Place rolls in pan:Bake at 425°F for 15-20 minutes, until desired brownness. Immediately turn upside down onto large platter or cookie sheet. Serve warm."
Fruit 'N' Nut Muffins,,plain flour:sugar:baking powder:salt:pepper:cinnamon:nutmeg:fruit:walnuts:egg:milk:oil,1-1/2 cups all-purpose flour:1/2 cup sugar:2 teaspoons baking powder:3/4 teaspoon salt:1/2 teaspoon cinnamon:1/4 teaspoon nutmeg:1/2 cup chopped mixed dried fruit:1/2 cup finely chopped walnuts:1 egg:1 cup milk:1/4 cup butter or oil,"Makes 1 dozen:Heat oven to 425°F. Grease 12 medium (about 2-1/2 inch) muffin cups or use paper or foil liners.:Combine flour, sugar, baking powder, salt, cinnamon and nutmeg in large bowl. Stir in dried fruit and nuts.:Beat egg and milk with fork in small bowl. Stir in butter. Add to flour mixture in large bowl. Stir only until dry ingredients are moistened. Fill muffin cups about two-thirds full.:Bake at 425°F for 20 to 25 minmutes or until wooden pick inserted in center comes out clean. Serve warm."
Perfect Bread,,yeast:water:sugar:salt:vegetable oil:skim milk:water:plain flour,1 package yeast:1/4 cup water:2 tablespoons sugar:2 teaspoons salt:1/4 cup vegetable oil:1 cup hot skim milk:3/4 cup water:5 to 6 cups sifted enriched flour,"Makes two 9 x 5 x 3-inch loaves:Preheat oven to 400°F.:Soften yeast in 1/4 cup lukewarm water. Combine sugar, salt and oil in mixing bowl. Stir in hot skim milk. :Add 3/4 cup water and cool to lukewarm. Stir in 1 cup flour. Add yeast and 2 more cups flour. Beat with spoon until batter is smooth and elastic. :Stir in another 1-1/2 cups flour, then work in enough flour to make a soft dough that doesn't stick to your fingers.:Turn onto lightly floured surface and knead about 100 strokes. Place dough in a large oiled bowl and oil surface of dough lightly.:Cover with a towel and let rise until double in bulk, about 1-1/2 hours.:Punch down and turn onto lightly floured surface. Cut dough in half and shape each half into a smooth ball.:Flatten each ball into a 10 x 9 x 1-inch rectangle. Fold each end of the rectangle toward the center and press down firmly.:Pinch togehther along center fold and at ends of dough. Place seam-side down in oiled 9 x 5 x 3-inch loaf pan. Cover with towel and let rise until double in bulk, about 1 hour.:Bake at 400°F 45-50 minutes, until golden brown. Remove from pans at once and place in a cooling rack."
White Chocolate Brownie Drops,,oil:sugar:egg:vanilla extract:chocolate chips:oats:plain flour:baking powder:vanilla milk chips,"1/2 cup butter:1/2 cup sugar:2 eggs:1 teaspoon vanilla extract:1 cup (6 ounce package) semi-sweet chocolate chips, melted:1 cup oats (Quick or Old Fashioned), uncooked:3/4 cup all-purpose flour:1 teaspoon baking powder:1/2 cup vanilla milk chips","Makes about 3 Dozen Cookies :Heat oven to 350°F. :Combine butter, sugar, eggs, and vanilla in large bowl. Beat at medium speed of electric mixer until well blended. Add melted chocolate chips. :Combine oats, flour and baking powder. Add gradually to creamed mixture at low speed. Beat until just blended. Stir in vanilla milk chips with spoon. Drop by rounded teaspoonfuls 2 inches apart onto ungreased baking sheet. :Bake at 350°F for 7 to 9 minutes or until cookies are almost set. (Centers will still be moist. DO NOT OVERBAKE.) Cool 2 minutes on baking sheet before removing to cooling rack. :"
Apple Breakfast,,oil:apple:egg:milk:plain flour:sugar:salt:ground cinnamon:lemon juice,"1/4 cup butter or oil:3 medium apple, pared, cored, and sliced (about 4 cups sliced):3 eggs:1/2 cup milk:1/2 cup all-purpose flour:1/4 cup plus 1 teaspoon sugar, divided:1/4 teaspoon salt:1 teaspoon ground cinnamon:Lemon juice (optional)","Preparation time - 15 minutes:Cook/bake time- 20 minutes:Serves 4:Melt butter in a heavy skillet. Add apples and cook over medium heat until soft.:Preheat oven to 500°F.:Combine eggs, milk, flour, 1 teaspoon sugar, and salt. Pour over apples in skillet. Continue to cook over medium heat for 6 to 7 minutes or until bottom is golden brown.:Mix remaining 1/4 cup sugar and the cinnamon; sprinkle over apples. :Bake at 500°F For 8 to 9 minutes or until top is golden brown.:Drizzle with lemon juice, if desired, and serve hot.:"
Miniature Breakfast Quiches,,bacon:onion:egg:salt:pepper:milk:spinach:cheddar cheese:water chestnuts:bread:oil:paprika,"3 slices bacon, diced:1/3 cup chopped onion:4 eggs:1/2 teaspoon salt:1/4 teaspoon pepper:1-1/2 cups half-and-half:1 package (10 ounces) frozen chopped spinach, thawed and thoroughly drained:1-1/2 cups grated Cheddar cheese:1 can (8 ounces) sliced water chestnuts, drained and chopped:12 slices soft white bread, trimmed:1/3 cup  butter, melted:paprika","Preparation time - 15 minutes:Cook time - 30 minutes:Total time - 45 minutes:Makes 12 servings:Preheat oven to 350°F. In small skillet over medium high heat cook diced bacon and onion until bacon is crisp and onion is tender. Remove from heat, drain and set aside.:In large mixing bowl beat eggs with salt, pepper and half-and-half. Stir in drained spinach, cheese, water chestnuts and bacon mixture. Set aside.:Spray one side of each slice of trimmed bread with butter No Stick Cooking Spray. Press one slice, sprayed side down, into each muffin cup so that corners come up over edges of cup. Spoon about 1/4 cup spinach mixture into each bread-lined cup.:Sprinkle with paprika. Bake for 25 to 30 minutes, or until knife inserted in center comes out clean."
Pancakes,,flour:baking powder:salt:egg:milk:oil,"2 cups sifted flour:3 teaspoons baking powder:1 teaspoon salt:2 eggs:2 cups milk:1/4 cup oil, melted","Makes 16 pancakes.:In bowl, combine the flour, baking powder, and salt. Combine the eggs and milk; stir in melted butter.:Add milk mixture to flour mixture; blend thoroughly. Pour batter on hot, greased griddle or in lightly greased skillet. Turn when tops are bubbly.:"
Waffles,,flour:baking powder:salt:egg:milk:oil:egg white,"1-3/4 cups sifted flour:3 teaspoons baking powder:1/2 teaspoon salt:2 egg yolks, beaten:1-3/4 cups milk:1/2 cup oil, melted:2 egg whites, stiffly beaten","Makes three 9-inch waffles:In mixing bowl, combine the flour, baking powder, and salt.:Combine egg yolks, milk, and melted butter; add to dry ingredients, beating just till blended. Carefully fold in stiffly beaten egg whites, leaving a few puffs of egg white--do not overmix. Bake in preheated waffle baker.:"
Banana Pudding,,banana:wafers:milk:condensed milk:vanilla pudding:vanilla extract,"2 pounds bananas, ripe but not mushy:Vanilla wafers (about 3 dozen):2 cups milk:1 can (14 ounces) sweetened condensed milk:1 family-size box (4.6 ounces) cook and serve vanilla pudding mix:1 teaspoon vanilla extract","Makes 8 servings:Slice the bananas and layer them with the vanilla wafers in a 1-1/2 quart casserole dish. Mix the milk and sweetened condensed milk together in a saucepan and let them get hot over medium heat but do not let them come to a boil.:Using a wire whisk, stir in the pudding mix. Cook only until the pudding begins to thicken. Remove from the heat, add the vanilla, and pour over the bananas and vanilla wafers.:Crush a few vanilla wafers and sprinkle them over the top. Serve warm.:<P><SPAN class=small>From MAMA DIP'S KITCHEN by Mildred Council. Copyright ) 1999 by the University of North Carolina Press. Used by permission of the publisher and the author. Visit the publisher's website at www.uncpress.unc.edu."
Beef Short Ribs,,oil:self-rising flour:seasoned salt:black pepper:beef ribs:water:onion,1/4 cup oil:1-1/2 cups self-rising flour:2 teaspoons seasoned salt:1 teaspoon black pepper:5-6 pounds lean beef short ribs:2 cups water:1 cup chopped onions,"Serves 6:Heat the oil in a Dutch oven or electric skillet on medium high heat.:Mix the flour, salt, and pepper together. Coat the ribs with the flour mixture, then place them in the hot oil and brown on all sides. When all are brown, drain the oil. Add the water and onions to the skillet or Dutch oven, cover tightly, reduce the heat to medium, and let the ribs cook for 2 hours or until tender. Or, after adding the water and onions, cook the ribs in the oven at 325: for 2 hours. Serve on rice.:<SPAN class=small>From MAMA DIP'S KITCHEN by Mildred Council. Copyright ) 1999 by the University of North Carolina Press. Used by permission of the publisher and the author. Visit the publisher's website at www.uncpress.unc.edu."
Roasted Potatoes With Rosemary,,potatoes:oil:garlic:onion:rosemary:salt and pepper,"4 pounds potatoes, peeled and cut into 1-inch cubes:1/3 cup canola oil:3-4 cloves garlic, chopped:1 cup chopped onion:2 tablespoons chopped fresh rosemary:Salt and pepper to taste","Makes about 8 servings:Heat the oven to 350°F.:Place the potatoes, canola oil, garlic, onion, rosemary, and salt and pepper in a large baking pan.:Toss well to mix ingredients. Bake 45 to 60 minutes, stirring occasionally and gently until the potatoes are cooked and lightly browned. Enjoy!"
Teriyaki Chicken Stir Fry,,oil:chicken breast:garlic:onion:red pepper:broccoli:zucchini:teriyaki sauce:cornstarch:spring onions:rice noodles,"2 tablespoons butter:4 boneless, skinless chicken breasts, cut into strips:2-3 cloves garlic, minced:1 small onion, chopped:1 red bell pepper, cut into strips:3 cups broccoli flowerets:1 zucchini, sliced 1/4-inch thick:1 cup teriyaki sauce:1 tablespoon cornstarch:2 green onions, thinly sliced:rice or asian noodles","Preparation time - 20 minutes:Cook time - 8-10 minutes:Makes 4 servings:Melt the oil in a large skillet or wok over medium-high heat. Add the chicken strips; stir fry about 5 minutes. Remove chicken from pan with a slotted spoon. Add garlic, onion, and red bell pepper; stir-fry 1 minute.:Add the broccoli and zucchini; continue to stir-fry, 4 to 5 minutes, until vegetables are crisp-tender. Return chicken to the pan.:Mix the teriyaki sauce with the corn starch; pour over chicken and vegetables; bring to a boil, stirring. Stir in the scallions. Serve with rice or Asian noodles."
Basic Cookie Frosting,,oil:castor sugar:vanilla:salt:pepper:milk:food colouring,3 tablespoons butter:1-1/4 cups confectioners' sugar:1 teaspoon vanilla:Dash salt:2-1/2 to 3-1/2 teaspoons half-and-half or milk:1 to 2 drops food coloring (optional),"Makes 3/4 cup:In small mixing bowl blend butter, confectioners' sugar, vanilla and salt. Blend in half-and-half to desired consistency. Beat until smooth. Blend in food coloring. Spread on cooled cookies.:Chocolate Cookie Frosting: Follow the recipe above, adding 2 tablespoons cocoa with the confectioners' sugar. Increase half-and-half to 1 tablespoon plus 1-1/2 to 2-1/2 teaspoons.:"
Brownies,,oil:sugar:egg:vanilla:milk:plain flour:cocoa:baking powder:salt:walnuts,1 cup butter:1-1/2 cups sugar:2 eggs:1 teaspoon vanilla:2/3 cup milk:1 cup all-purpose flour:1/2 cup cocoa:1 teaspoon baking powder:1/4 teaspoon salt:1/2 cup chopped walnuts,"Makes 32 bars:Preheat oven to 350°F. Grease 13 x 9 x 2-inch pan. Set aside.:In medium mixing bowl cream butter, sugar, eggs and vanilla until light and fluffy. Add milk, flour, cocoa, baking powder and salt. Beat at low speed of electric mixer until blended. Beat at high speed for 1 minute. Stir in nuts. Pour into prepared pan.:Bake at 350°F for 30 to 35 minutes, or until a wooden pick inserted in center comes out clean. Cool. Frost, if desired. Cut into bars, about 2 x 1-1/2 inches.:"
Chocolate Cake,chocolatecake,butter:sugar:egg:vanilla:buttermilk:plain flour:cocoa:baking soda:baking powder:salt,3 dozen cupcakes:2/3 cup butter:1-2/3 cups sugar:2 eggs:1 teaspoon vanilla:1-1/3 cups buttermilk:2 cups all-purpose flour:1/2 cup cocoa:1-1/2 teaspoons baking soda:1/2 teaspoon baking powder:1/2 teaspoon salt,"Makes 1 cake or:3 dozen cupcakes:Preheat oven to 350°F. Grease and flour 13 x 9 x 2-inch pan or two 9-inch round layer pans, or line cupcake pans. Set aside.:In large mixing bowl cream butter, sugar, eggs, and vanilla until light and fluffy. Add buttermilk. flour, cocoa and salt. Beat until blended, scraping bowl frequently. Beat at medium speed for 2 minutes, scraping bowl occasionally. Pour into prepared pan(s).:Bake at 350°F, oblong or layers for 25 to 30 minutes, cupcakes for 15 to 20 minutes, or until wooden pick inserted in center comes out clean.:For layers, cool on wire rack for 15 minutes and remove from pans to cool completely. Frost as desired."
Chocolate Cake With Caramel Frosting,chocolatecake,butter:brown sugar:egg:vanilla extract:baking chocolate:plain flour:baking soda:salt:buttermilk:milk:castor sugar,"1/2 cup butter:2 cups packed brown sugar:3 eggs:1 teaspoon vanilla extract:2 ounces (2 squares) unsweetened chocolate, melted and cooled:2 cups sifted all-purpose flour:1 teaspoon baking soda:3/4 teaspoon salt:1 cup buttermilk:Caramel Frosting::3 tablespoons milk:3 tablespoons butter or margarine:1/2 cup packed brown sugar:1-2/3 cups sifted confectioners' sugar","12 servings:Preheat oven to 350°F.:Cream butter and brown sugar in a large mixer bowl. Add eggs, one at a time, and beat well after each addition. Mix in vanilla extract and melted chocolate until blended.:Combine flour, baking soda, and salt. Add dry ingredients alternately with buttermilk to creamed mixture, mixing until blended after each addition.:Turn batter into a greased and floured 13 x 9 x 2-inch pan and spread evenly.:Bake at 350°F for 40 to 45 minutes or until a toothpick inserted in center comes out clean. Cool completely in pan.:For Caramel Frosting, combine milk, butter, and brown sugar in a saucepan. Heat until sugar is dissolved. Cool to room temperature. Stir in confectioners sugar. Beat until frosting is of spreading consistency.:Spread frosting over cooled cake."
Chocolate Chip Cookies,,oil:brown sugar:egg:vanilla extract:plain flour:baking soda:salt:oats:crisp rice cereal:shredded coconut:walnuts:chocolate chips,"1-1/2 cups butter or oil:2 cups firmly packed dark brown sugar:2 eggs:1 tablespoon vanilla extract:2 cups all-purpose flour:1 teaspoon baking soda:1/2 teaspoon salt:2 cups oats (Old Fashioned, uncooked):2 cups crisp rice cereal:1 cup shredded coconut:1 cup chopped walnuts:2 cups (12-ounce package) semi-sweet chocolate chips","Makes about 7-1/2 Dozen Cookies:Heat oven to 350°F.:Combine butter, brown sugar, eggs and vanilla in large bowl. Beat at medium speed of electric mixer until well blended.:Combine flour, baking soda and salt. Add gradually to creamed mixture at low speed. Stir in oats, rice cereal, coconut, nuts and chocolate chips with spoon. Drop by heaping teaspoonfuls 2 inches apart onto ungreased baking sheet.:Bake at 350°F for 10 to 12 minutes or until light brown and just set in center. Cool 1 minute on baking sheet before removing to foil.:"
Crepes,,plain flour:castor sugar:salt:milk:egg:oil:cooking spray,"3/4 cup all-purpose flour:2 tablespoons confectioners sugar:1/4 teaspoon salt:3/4 cup milk:2 eggs, slightly beaten:2 tablespoons oil Vegetable Oil:cooking spray","Makes 12 crepes:Preparation time - 5 minutes:Chill time- 1 hour:Cook time - 15 minutes:Mix flour, sugar and salt in small mixing bowl. Add milk, eggs and oil, stirring until smooth. Cover and refrigerate 1 hour.:Lightly spray a 6-inch nonstick skillet with non-stick spray; heat skillet. Add 2 tablespoons batter, tilting skillet to make 6-inch crepe. Cook over moderate heat 30 to 60 seconds, or until bottom is light brown. Turn crepe over. Cook 30 to 45 seconds longer or until bottom is light brown. Cool on wire rack. Lightly spray skillet, if necessary. Repeat with remaining batter, spraying as needed."
Double Chocolate Brownies,,oil:sugar:egg:vanilla:syrup:plain flour:salt:walnuts:frosting,1/2 cup butter or oil:1 cup sugar:4 eggs:1 teaspoon vanilla:1 can (16 ounces) chocolate-flavored syrup:1-1/4 cups sifted flour:1/2 teaspoon salt:1 cup chopped walnuts:Quick Frosting,"32 brownies:Preheat oven to 350°F.:In mixing bowl, blend butter and sugar; beat in eggs and vanilla. Blend in chocolate syrup, flour, and salt; stir in nuts. Pour into greased 13 x 9 x 2-inch baking pan. Bake at 350°F for 30 to 35 minutes. Cool slightly, about 5 minutes. Top with Quick Frosting. Cool and cut into bars.:Quick Frosting: Combine 2/3 cup sugar, 3 tablespoons milk, 2 tablespoons butter, and 1/4 teaspoon salt. Bring to boiling; boil 30 seconds. Remove from heat; stir in 1/2 cup semisweet chocolate pieces and 1/2 teaspoon vanilla till melted. Cool 10 minutes; spread over brownies."
Fudgy Brownies,,unsweetened chocolate:butter:sugar:vanilla:egg:plain flour:salt:chocolate frosting:heavy cream:chocolate,4 ounces unsweetened chocolate:1 cup  butter:2 cups sugar:2 teaspoons vanilla:4 eggs:1 cup plus 2 tablespoons flour:Dash of salt (mixed with flour):chocolate frosting:1 cup heavy cream:10 ounces semisweet chocolate or bittersweet chocolate,"Makes 18 Brownies:<I>Brownies</I>:Line a 9 by 13-inch baking dish with foil. Spray with non-stick spray. Preheat oven to 350°F.:Melt chocolate and butter together in an eight-cup glass measure in microwave for 2 minutes at high, or until butter is melted. Stir until chocolate is melted and mixture is smooth.:Mix in sugar. Add vanilla, then eggs, one at a time, stirring well after each addition.:Mix in flour, a little at a time, stirring until uniform.:Spread in prepared pan and bake for 25-30 minutes or until a toothpick inserted in center comes out with fudgy crumbs.:Cool completely and invert on tray. Remove foil and re-invert onto cutting board and cut in squares.:<I>Frosting</I>:Warm cream in glass measure in the microwave.:Place chocolate in food processor fitted with metal blade and pulse until chocolate is in small pieces. With motor running, add hot cream and process until smooth.:Let mixture come to room temperature and spread-able consistency. Spread over brownies before cutting."
Honey Oatmeal Chewies,,oil:granulated sugar:brown sugar:honey:egg:milk:vanilla:plain flour:baking soda:salt:oats:dessicated coconut:raisins:walnuts:wheat germ,1 -1/4 cups all-butter or oil:1 cup granulated sugar:2/3 cup firmly packed brown sugar:1/4 cup honey:1 egg:1/4 cup milk:1 teaspoon vanilla:2 -1/2 cups all-purpose flour:1 teaspoon baking soda:1/2 teaspoon salt:1 cup quick oats (not instant or old fashioned):1 cup dessicated coconut:1 cup raisins:1/2 cup coarsely chopped walnuts:1/2 cup (optional) toasted wheat germ,"Makes About 6 Dozen Cookies:Heat oven to 350°F.:Combine butter, granulated sugar, brown sugar, honey, egg, milk and vanilla in large bowl. Beat at medium speed of electric mixer until well blended.:Combine flour, baking soda and salt. Mix into creamed mixture at low speed until just blended. Stir in oats, coconut, raisins, nuts and wheat germ with spoon.:Drop rounded teaspoonfuls of dough 2 inches apart onto ungreased baking sheet.:Bake at 350°F for 11 to 12 minutes for soft cookies, 13 to 14 minutes for crisp cookies. Remove immediately to cooling rack."
Maple Walnut Cookies,,brown sugar:butter:maple syrup:vanilla:maple extract:egg:plain flour:salt:baking soda:cinnamon:walnuts,1 -1/4 cups firmly packed light brown sugar:3/4 cup  butter:2 tablespoons maple syrup:1 teaspoon vanilla:1 teaspoon maple extract:1 egg:1 -3/4 cups all-purpose flour:1 teaspoon salt:3/4 teaspoon baking soda:1/2 teaspoon cinnamon:1 -1/2 cups walnuts (30 to 40 walnut halves),"Makes about 3 Dozen Cookies :Heat oven to 375°F. Place sheets of foil on countertop for cooling cookies.:Place brown sugar, shortening, maple syrup, vanilla and maple extract in large bowl. Beat at medium speed of electric mixer until well blended. Add egg; beat well.:Combine flour, salt, baking soda and cinnamon. Add to shortening mixture; beat at low speed just until blended. Stir in chopped walnuts.:Drop dough by rounded measuring tablespoonfuls 3 inches apart onto ungreased baking sheets. Press walnut half into center of each cookie.:Bake one baking sheet at a time at 375°F for 8 to 10 minutes for chewy cookies, or 11 to 13 minutes for crisp cookies. DO NOT OVERBAKE. Cool 2 minutes on baking sheet. Remove cookies to foil to cool completely.:"
Oatmeal And Chocolate Chip Cookies,,oil:granulated sugar:brown sugar:egg:milk:maple syrup:plain flour:baking soda:salt:oats:chocolate chips,1 cup butter:1 cup granulated sugar:1 cup firmly packed light brown sugar:2 eggs:1/4 cup milk:1 teaspoon maple flavor:2 cups all-purpose flour:1 teaspoon baking soda:1 teaspoon salt:2 cups quick oats uncooked:1 cup (6-ounce package) semi-sweet chocolate chips,"Makes about 6 Dozen Cookies :Heat oven to 375°F. :Combine butter, granulated sugar and brown sugar in large bowl. Beat at medium speed of electric mixer until well blended. Add eggs, milk and maple flavor. Beat until well blended. :Combine flour, baking soda and salt. Add gradually to creamed mixture at low speed. Beat until well blended. :Stir in oats and chocolate chips with spoon. Drop by slightly rounded teaspoonfuls 2 inches apart onto ungreased baking sheet. Shape into balls with spoon. :Bake at 375°F for 9 to 12 minutes or until golden brown. Cool 1 minute on baking sheet before removing to cooling rack.:"
Peach Cobbler,,sugar:cornstarch:cinnamon:nutmeg:water:peaches:plain flour:sugar:baking powder:salt:butter:egg:milk,"1/2 cup sugar:1 tablespoon cornstarch:1/4 teaspoon cinnamon:Dash of nutmeg:1/3 cup water:4 cups sliced peaches or 1 bag (20 ounces) individual quick frozen peach slices:Biscuit Topping::1 cup all-purpose flour:2 tablespoons sugar:1-1/2 teaspoons baking powder:1/4 teaspoon salt:1/4 cup butter:1 egg, slightly beaten:1/4 cup milk","8 servings:Heat oven to 400∞F.:Combine sugar, cornstarch, cinnamon and mutmeg in medium saucepan. Add water. Stir to mix. Add peach slices. Cook on medium-high heat until mixture comes to boil. Simmer one minute. Stir constantly. Pour into 8 x 8 x 2 inch glass baking dish or 2 quart baking dish. Place in oven.:For biscuit topping, combine flour, sugar baking powder and salt. Cut in butter until coarse crumbs form.:Combine egg and milk. Add all at once to flour mixture. Stir just until moistened. Remove baking dish from oven. Drop biscuit mixture in 8 mounds on top of hot fruit. Bake at 400∞F for 20 minutes or until golden brown. Serve warm with ice cream or cream.:"
Peanut Brittle,,sugar:corn syrup:salt:raw peanuts:butter:vanilla:baking soda,1-1/2 cups sugar:3/4 cup corn syrup:1/2 teaspoon salt:1-1/2 cups raw peanuts:1 tablespoon butter:1-1/2 teaspoons vanilla:1-1/2 teaspoons baking soda,"Makes 1 pound:Grease 15-1/2 x 12-inch baking sheet. Set aside.:In 3-quart saucepan combine sugar, corn syrup, salt and peanuts. Cook and stir over medium-low heat to 240°F on candy thermometer. Add butter and vanilla. Continue to cook and stir until 300°F. Stir in baking soda. Immediately pour onto prepared baking sheet and spread quickly into even layer, about 1/4 inch thick. Cool completely. Break into pieces."
Toffee Bars,,cooking spray:butter:brown sugar:egg:vanilla:plain flour:salt:chocolate chips:toffee:nuts,cooking spray:2/3 cup butter:2/3 cup packed brown sugar:1 egg:1/2 teaspoon vanilla:1-1/3 cups all-purpose flour:1/4 teaspoon salt:1-1/3 cups semi-sweet chocolate chips:1/2 cup toffee candy bits:1/2 cup finely chopped nuts,"Preparation time - 10 minutes:Bake time- 15-20 minutes:Makes 24 bars:Preheat oven to 350°F. Spray 13 x 9 x 2-inch pan with non-stick spray. Set aside.:In medium mixing bowl cream butter, brown sugar, egg and vanilla until light and fluffy. Mix in flour and salt. With lightly floured fingers, press dough evenly in prepared pan.:Bake at 350°F for 15-20 minutes, or until golden brown. Sprinkle chocolate chips over hot crust. Return pan to oven for 1 minute to melt chips. Remove from oven. Spread melted chips evenly over crust. Sprinkle toffee bits and nuts on top. Cool slightly. Cut into 24 bars. Cool completely. Best made one day ahead."
French Dressing,,salt:sugar:paprika:dry mustard:pepper:vinegar:lemon juice:vegetable oil,1 teaspoon salt:1 teaspoon sugar:1/2 teaspoon paprika:1/4 teaspoon dry mustard:1/8 teaspoon pepper:2 tablespoons vinegar:2 tablespoons lemon juice:1/2 cup vegetable oil,"Makes about 1 cup:Combine dry ingredients in a jar or bottle with a tight fitting cover. Add vinegar, lemon juice, and oil. Shake vigorously.:For variety, add 2 tablespoons finely chopped onion, 1/4 cup shredded cheddar cheese, OR 1/4 cup crumbled Roquefort or blue cheese.:"
Lemon Dill Sauce,,oil:plain flour:lemon peel:dill:salt:milk:egg yolk,"2 tablespoons butter or oil:1 tablespoon all-purpose flour:1 teaspoon grated lemon peel:1/4 teaspoon dried dill:1/4 teaspoon salt:1 cup half-and-half or milk:1 egg yolk, beaten","Makes 1 cup:In 1-quart saucepan melt butter. Remove from heat. Stir in flour, lemon peel, dill weed and salt. Blend in half-and-half. Cook and stir over medium heat until mixture thickens and just comes to a boil. Remove from heat. Blend small amount of hot mixture into egg yolk. Blend back into hot mixture, stirring to combine. Cook and stir until mixture just comes to a boil. Cook and stir for 1 minute longer. Serve with fish.:"
Tartar Sauce,,oil:sour cream:pickle relish:vegetable oil,"4 tablespoons oil:1 cup fat free sour cream:1/2 cup , drained sweet pickle relish:1/4 cup finely chopped green s with tops onion:1 teaspoon vegetable oil","Preparation time - about 10 minutes:1-1/4 cups:Combine sour cream, pickle relish, onions and oil in small bowl. Stir to blend. :Prepare and refrigerate at least two hours before serving for best flavor. Cover and refrigerate leftover sauce.:"
Vinaigrette Dressing,,vegetable oil:red wine vinegar:parsley:worcestershire sauce:salt:dry mustard:pepper:garlic,"3/4 cup vegetable oil:1/3 cup red wine vinegar:1 tablespoon snipped parsley:1 teaspoon worcestershire sauce:1/2 teaspoon salt:1/4 teaspoon dry mustard:1/4 teaspoon pepper:1 clove garlic, minced",Makes 1 cup:Combine all ingredients in jar. Cover tightly and shake until blended.:Store covered in refrigerator. Shake before serving.
White Sauce,,butter:plain flour:salt:pepper:milk,2 tablespoons butter:2 tablespoons all-purpose flour:1/2 teaspoon salt:1/8 teaspoon white or black pepper:1 cup milk,"Makes 1 cup:In 1-quart saucepan melt butter. Remove from heat. Stir in flour, salt and pepper. Slowly blend in milk. Cook over medium heat. stirring constantly until mixture thickens and bubbles.:Herb Sauce: Follow the recipe above, adding 1/4 teaspoon dried herbs (basil, oregano, thyme, dill, summer savor, etc) with flour, salt and pepper.:Cheese Sauce: Follow the recipe above, adding 1/2 cup shredded cheese after mixture thickens. Stir until cheese melts.:"
Baked Chicken And Vegetables,,flour:paprika:salt:pepper:roast chicken:oil:onion:carrots:mushrooms:brown sugar:ground ginger:orange juice:water,"1/2 cup flour:1 tablespoon paprika:1-1/2 teaspoons salt:1/4 teaspoon pepper:1 frying chicken (2-1/2 to 3 pounds), cut up:1/3 cup butter or oil:1/2 of a 16-ounce can boiled onions, drained:1/2 cup coarsely chopped carrots:1 can (3 ounces) sliced mushrooms, drained:1 tablespoon brown sugar:1/4 teaspoon ground ginger:1/2 of a 6-ounce can frozen orange juice concentrate, thawed (1/3 cup):3/4 cup water","Makes 4 servings:Preheat oven to 350°F.:In paper or plastic bag, combine the flour, paprika, salt, and pepper. Add chicken, a few pieces at a time; shake to coat. (Reserve 2 tablespoons remaining flour mixture.) :In skillet, brown chicken on all sides in butter; remove chicken and place in 2-quart casserole. Add onions, carrots, and mushrooms.:Blend the reserved flour mixture, brown sugar, ginger, and dash salt into droppings in skillet; stir to make a smooth paste.:Add orange juice concentrate and the 3/4 cup water; cook and stir till thickened and bubbly. Pour over chicken and vegetables.:Cover; bake at 350°F till chicken and carrots are tender, about 1-1/4 hours.:"
Barbecued Chicken Pizza,,vegetable oil:red onion:mushrooms:salt and pepper:chicken breast:barbecue sauce:pizza crust:mozzarella cheese,"3 tablespoons vegetable oil:1 medium red onion, peeled and thinly sliced:1 cup thinly sliced mushrooms:Salt and pepper to taste:1 -1/2 cups cooked chicken breast, thinly sliced or shredded:1/2 cup hickory-flavored barbecue sauce:1 12-inch pre-baked pizza crust:2 cups grated smoked Gouda or shredded mozzarella cheese","Preparation time - 8 minutes:Bake time- 10-12 minutes:4 servings:Heat oven to 450°F.:Cover baking sheet with heavy duty aluminum foil. Heat oil in large skillet on medium-high heat. Add onion and mushrooms to pan; season with salt and pepper. SautÈ 3 minutes, or until onion is translucent. Remove pan from heat. Stir in cooked chicken and barbecue sauce. Place pizza crust on baking sheet. Arrange half of cheese on pizza crust; top with chicken mixture then remaining cheese.:Bake at 450°F for 10 to 12 minutes or until crust is crisp and cheese is melted. Let stand 3 minutes before cutting. Serve immediately."
Beef Ragout,,oil:celery:onion:beef steak:canned tomatoes:tomato paste:red wine vinegar:brown sugar:parsley:paprika:oregano:garlic salt:caraway:cayenne:bay leaf:cooked rice,"3 tablespoons butter or oil:1 cup thinly sliced celery:1/2 cup chopped onion:1-1/2 to 2 pounds beef boneless round steak, cut into 1 inch pieces:2 cans (16 ounces each) whole tomatoes, undrained and cut up:1 can (6 ounces) tomato paste:1 tablespoon red wine vinegar:1 tablespoon packed brown sugar:2 teaspoons dried parsley flakes:1 teaspoon paprika:1/2 teaspoon dried oregano leaves:1/2 teaspoon garlic salt:1/4 teaspoon caraway seed:1/8 teaspoon cayenne:1 bay leaf, optional:Hot cooked rice or egg noodles","4 to 6 Servings:In Dutch oven melt butter. Add celery and onion. Cook and stir over medium heat until tender. Add beef. Brown over medium-high heat. Stir in tomatoes, tomato paste, wine vinegar, brown sugar, parsley flakes, paprika, oregano, garlic salt, caraway seed, cayenne and bay leaf. Heat to boiling. Reduce heat. Cover and simmer for 2 to 2-1/2 hours, or until beef is tender, stirring occasionally. Remove bay leaf. Serve over rice or egg noodles.:"
Beef Stew,,plain flour:salt:pepper:beef steak:butter:onion:garlic:potatoes:celery:carrots:water:parsley:red wine,"1/2 cup all-purpose flour:2 teaspoons salt:1/4 teaspoon pepper:1-1/2 to 2 pounds beef stew meat, cut into 1 inch cubes:1/4 cup butter:1 small onion, cut into thin wedges:2 cloves garlic, minced:4 medium potatoes, cut into 1 inch cubes:2 stalks celery, cut into 1/2 inch pieces:2 medium carrots, cut into 1 inch pieces:5 cups water:2 teaspoons dried parsley flakes:1/4 cup Cooking Wine, optional","4 to 6 Servings:Combine flour, salt and pepper in large plastic food storage bag. Add beef. Shake to coat. In Dutch oven melt butter. Add onion, garlic, coated beef and any remaining flour mixture. Cook over medium-high heat until beef is browned. Add potatoes, celery, carrots, water and parsley flakes. Heat to boiling. Reduce heat. Cover and simmer for 1-1/2 to 2 hours, or until beef is tender. Add cooking wine and bouquet sauce during last 30 minutes of cooking time.:"
Beef Wellington,,beef tenderloin:oil:salt and pepper:shallots:mushrooms:garlic:puff pastry:egg yolk,"2-1/2 to 3 pounds beef tenderloin, rolled for roasting:2 tablespoons canola oil, divided:Salt and pepper to taste:1 shallot, finely minced:1/2 pound mushrooms, finely chopped:1 5.2 ounce package garlic herb cheese:1 sheet frozen puff pastry, thawed:1 egg yolk, fork beaten with 1 teaspoon water","4-6 Servings:Preheat oven to 475°F.:Rub beef with canola oil; season generously with salt and pepper. Place in a shallow roasting pan; roast for 5 minutes. Reduce heat to 425 and continue roasting for 20 minutes more. Remove roast from oven and cool completely.:In a medium skillet, heat remaining 1 tablespoon canola oil over medium high heat. Add shallots and onion; sautÈ until mushrooms are soft. Remove from heat. Stir in garlic herb cheese. Chill until ready to use.:On a lightly floured surface, roll out puff pastry into a rectangle large enough to enclose roast. Reserve extra pastry for decorations. Spread pastry with chilled mushroom mixture to within 3 inches of the edge; place roast on top. Wrap pastry tightly around roast; press seams to seal. Place, seam side down, on a cookie sheet. Cut a few small slits on top to allow steam to escape. Brush entire surface of pastry with egg mixture. Cut out decorative shapes from reserved pastry and place on top; brush with mixture egg mixture.:Bake at 425°F for 30 to 35 minutes. Use a meat thermometer to check the internal temperature. It should read 135-145 degrees for rare to medium rare and pastry should be golden brown. Let stand for 10 minutes before slicing. Garnish serving platter with crab apples and green leaves, if desired."
Chicken Stuffed Bell Peppers,,green peppers:vegetable oil:onion:garlic:cooked chicken:spaghetti sauce:cheese:salt:pepper,"4 green, red or orange bell peppers with flat bottoms:2 tablespoons vegetable oil:1 medium onion, peeled and diced:2 teaspoons jarred minced garlic (or 1 large garlic clove, peeled and minced):1 -1/2 cups diced cooked chicken:2/3 cup spaghetti sauce:1/2 cup shredded Cheddar, Monterey Jack, or Swiss cheese:1/2 teaspoon salt:1/4 teaspoon freshly ground black pepper","Preparation time - 15 minutes:Total time - 70 minutes:4 servings:Heat oven to 375°F. :Cut tops off peppers, trim and reserve. Remove and discard seeds and ribs. Place peppers in 13 x 9 x 2-inch baking pan.:Heat oil in medium skillet on medium-high heat. Add onion and garlic. SautÈ 3 minutes, or until onions are translucent. Scrape mixture into medium mixing bowl.:Combine onion mixture with chicken, spaghetti sauce, cheese, salt and pepper.:Divide mixture into hollowed out peppers. Replace pepper tops.:Bake peppers at 375°F for 40 to 50 minutes, or until peppers are tender when pierced with tip of paring knife.:Serve immediately.:Note: The peppers can be prepared for baking up to 2 days in advance and refrigerated, tightly covered with plastic wrap. Let stand at room temperature for 1 hour before baking."
Crispy Fried Chicken,,chicken drumsticks:oil:Seasoned flour:plain flour:garlic salt:black pepper:paprika:chicken seasoning:Crispy batter:plain flour:salt:pepper:egg yolk:water,2-1/2 to 3 lb. cut-up frying chicken (or use chicken parts):Enough oil for deep frying:Seasoned flour:1-1/2 cups all-purpose flour:1 tablespoon garlic salt:1-1/2 teaspoons black pepper:1-1/2 teaspoons paprika:1/4 teaspoon poultry seasoning:Crispy batter:2/3 cup all-purpose flour:1/2 teaspoon salt:1/8 teaspoon pepper:1 beaten egg yolk:3/4 cup water,"4 servings:Combine all ingredients; set aside.:Combine flour and seasonings in medium bowl. Combine egg yolk and water. Add gradually to dry ingredients. Heat oil to 365°F in deep saucepan or deep fryer to a depth of about 2 inches. Moisten chicken pieces. Dip in seasoned flour, then batter, then back in seasoned flour. Fry in hot oil for 15 to 18 minutes or until well browned. Drain on paper."
Curried Chicken,,onion:vegetable oil:curry powder:whole chicken:canned tomatoes:potatoes:salt:water:butter beans:lemon juice:rice,"1 medium onion, halved:2 tablespoons vegetable oil:1 to 2 tablespoons curry powder:2-1/2 to 3-pound broiler-fryer chicken, cut up:1 can (16 ounces) whole tomatoes, undrained, cut up:2 medium white potatoes, peeled and cut into eighths:1 teaspoon salt:3 to 4 cups water:2 cans (15 ounces each) butter beans, drained:1 tablespoon lemon juice:Hot cooked rice (optional)","4 servings:Cut one onion half into 4 pieces. Set aside. Chop remaining half. Heat oil in Dutch oven. Add chopped onion. SautÈ over moderate heat until tender. Stir in curry powder. Cook, stirring constantly, 1 minute. Add chicken. Stir to coat with curry mixture. Stir in tomatoes, potatoes, salt, and remaining onion. Add enough water to just cover mixture. Heat to boiling. Cover. Reduce heat. Simmer, stirring occasionally, 1 to 1-1/4 hours, or until chicken is tender and meat near bone is no longer pink.:Remove 1/2 cup cooking liquid and place in blender pitcher. Add 1 can butter beans. Blend until smooth. Add blended mixture, lemon juice and remaining 1 can butter beans to chicken. Mix well. Serve with <I>hot cooked rice,</I> if desired."
Fish & Chips,,fish fillets:potatoes:oil:flour:salt:egg yolk:water:oil:egg white:flour:vinegar,"1 pound fresh or frozen fish fillets:1 pound potatoes, peeled (about 3 potatoes):oil for frying:1/4 cup flour:1/2 teaspoon salt:1 egg yolk:2 tablespoons water:1 tablespoon oil, melted:1 egg white, stiffly beaten:1/4 cup flour:Malt vinegar, if desired","Makes 3 to 4 servings:Preparation time - 10 minutes:Cook time - 5 minutes:Thaw fish if frozen. Cut into serving-size pieces. Cut potatoes in uniform strips, slightly larger than for French fries.:In medium bowl, combine 1/4 cup flour and salt. Make a well in center; add egg yolk, water and melted butter. Stir until batter is smooth. Fold in egg white. Dip fish in remaining 1/4 cup flour, then into the batter.:Melt butter in skillet to about 1/2 to 1-inch deep and heat to 365°F. Fry potatoes first until golden brown. Then fry the fish on both sides until golden brown (add more butter to skillet if some lost during potato frying.:Drain potatoes and fish on paper towels. Sprinkle fish and chips with salt. To serve, sprinkle fish with malt vinegar, if desired."
Lamb Meatballs With Herb Tomato Sauce,,oil:onion:garlic:lamb mince:milk:parsley:breadcrumbs:egg:salt:pepper:green pepper:zucchini:tomato sauce:canned tomatoes:sugar:rosemary leaves:cooked rice,"2 tablespoons butter or oil:1/3 cup chopped onion:2 medium cloves garlic, minced, divided:1-1/2 pounds ground lamb:1/2 cup half-and-half:1/2 cup snipped parsley:1/3 cup fine dry bread crumbs (unseasoned):1 egg:1/4 teaspoon salt:1/8 teaspoon pepper:1 medium green pepper, cut into 1 inch chunks:1 medium zucchini, cut in half lengthwise and then into 1/4 inch slices:1 can (15 ounces) tomato sauce:1 can (14-1/2 ounces) whole tomatoes, undrained:1 teaspoon sugar:1 teaspoon dried rosemary leaves:Hot cooked rice","4 Servings:In large skillet melt butter. Add onion and one clove minced garlic. Cook and stir over medium heat until onion is tender. Transfer to medium mixing bowl. Add lamb, half-and-half, parsley, bread crumbs, egg, salt and pepper. Shape into 16 meatballs. Place in large skillet. Cook over medium heat until browned on all sides. Remove meatballs and set aside.:Drain all but 1 tablespoon fat from skillet. Add green pepper and zucchini. Cook and stir over medium heat for about 15 minutes, or until tender. Add tomato sauce, tomatoes, sugar, rosemary and remaining minced garlic. Heat to boiling, stirring to break apart tomatoes. Reduce heat. Add meatballs. Simmer, uncovered, for 15 to 20 minutes, or until meatballs are firm and sauce is reduced and slightly thickened. Serve with rice.:"
Lemon Herb Chicken,,chicken breast:lemon peel:lemon juice:vegetable oil:parsley:chives:thyme:oregano:garlic powder:salt:black pepper,"8 boneless, skinless chicken breast halves:Grated lemon peel from 1 lemon:Juice of two lemons:1/3 cup vegetable oil:2 teaspoons dried parsley:2 teaspoons dried chives:1 teaspoon dried thyme:1/2 teaspoon dried oregano:1/2 teaspoon garlic powder:1/2 teaspoon salt:1/2 teaspoon black pepper","Preparation time - 10 minutes:Marinating time- 30 minutes to overnight:Cook time - about 6 to 10 minutes:8 servings:Rinse chicken; pat dry. Flatten to even thickness.:Combine grated lemon peel, lemon juice, oil, parsley, chives, thyme, oregano, garlic, salt and pepper in large flat glass dish or large re-sealable plastic bag. Add chicken. Turn to coat evenly. Cover. Refrigerate 30 minutes to 24 hours, turning occasionally.:Prepare grill or heat broiler. Remove chicken from marinade. Discard marinade. Grill or broil 5 minutes per side or until chicken is no longer pink in the center."
Old-Fashioned Beef Stew,,vegetable oil:beef steak:water:worcestershire sauce:bay leaf:garlic:paprika:pepper:carrots:potatoes:onions:green beans:cornstarch:salt,"1 tablespoon vegetable oil:1-1/4 pounds boneless beef round steak, trimmed and cut into 1-inch cubes:2-3/4 cups water, divided:1 teaspoon worcestershire sauce:2 bay leaves:1 clove garlic, minced:1/2 teaspoon paprika:1/4 teaspoon pepper:8 medium carrots, quartered:8 small potatoes, peeled and quartered:4 small onions, quartered:1 package (9 ounces) frozen cut green beans:1 tablespoon cornstarch:Salt (optional)","8 servings:Heat oil in Dutch oven on medium-high heat. Add beef. Cook and stir until browned. Add 1-1/2 cups water, Worcestershire sauce, bay leaves, garlic, paprika and pepper. Bring to a boil. Reduce heat to low. Cover. Simmer 1 hour 15 minutes, stirring occasionally. Remove and discard bay leaves.:Add carrots, potatoes and onions. Cover. Simmer 30 to 45 minutes or until vegetables are almost tender. Add beans. Simmer 5 minutes or until tender. Remove from heat. Add 1 cup water to Dutch oven.:Combine remaining 1/4 cup water and cornstarch in small bowl. Stir well. Stir into ingredients in Dutch oven. Return to low heat. Cook and stir until thickened. Season with salt, if desired. :*Use your favorite oil product."
Oven Pot Roast Italian Style,,salt:pepper:oil:beef roast:canned tomatoes:red wine:onion:parsley:bay leaf:garlic powder:carrots:zucchini:cherry tomatoes:water:cornstarch,"1-1/2 teaspoons salt:1/4 teaspoon pepper:1/4 cup butter or oil:1 beef bottom round roast or rolled rump roast (4-1/2 to 5 pounds):1 can (28 ounces) Italian tomatoes, cut in pieces:1/2 cup red wine:2 tablespoons instant minced onion:2 tablespoons dried parsley flakes:1 bay leaf:1/4 teaspoon garlic powder:6 medium carrots, pared and sliced:1-1/2 pounds zucchini, sliced:2 cups cherry tomatoes, pricked with fork:1/2 cup water:1/4 cup cornstarch","12-15 Servings:Preheat oven to 350°F.:Rub salt and pepper over surface of meat.:Melt butter in heavy Dutch oven over medium-high heat. Add meat and brown well on all sides. Drain off fat. :Combine tomatoes, wine, onion, parsley, bay leaf, and garlic powder. Pour over meat. Cover tightly.:Cook in a 350°F oven for 2-1/2 hours. Mix in carrots; cover and cook for 20 minutes. Mix in zucchini; cover and cook for 15 minutes. Mix in cherry tomatoes; cover and cook for 5 to 10 minutes or until heated.:Arrange meat and vegetables on a warm serving platter; keep warm.:Pour pan juices into a large measuring cup. Add water, if needed, to make 4 cups liquid. Return liquid to Dutch oven. Stir in a blend of cold water and cornstarch. Cook over medium-high heat, stirring constantly, until liquid comes to boiling. Cook and stir for 5 minutes. Serve with meat."
Pan-Fried Fish Fillets,,corn flake crumbs:salt:pepper:milk:egg:fish fillets:oil,"1-1/2 to 2 cups corn flake crumbs:1 teaspoon salt:1/8 teaspoon pepper:3/4 to 1 cup milk or evaporated milk:1 egg:1-1/2 pounds fish fillet, about 1/2 inch thick, cut into serving-size pieces:1/4 cup butter or oil","4 to 6 servings:Combine corn flake crumbs, salt and pepper on waxed paper.:Combine milk and egg in shallow dish or pie plate. Stir to blend. Dip fillets in mixture. Coat with crumbs.:Heat oil to 365°F in electric skillet. Add a few pieces of fish. Fry for about 2 or 3 minutes on each side or until golden brown. Turn as needed for even browning. Add more shortening if needed. :Drain on paper towels. Serve immeditely.:"
Pork Schnitzel,,pork loin:egg:flour:breadcrumbs:salt:pepper:nutmeg:butter,"1 -1/2 pounds center cut pork loin, cut into six 4-ounce portions approximately 1/2-inch thick:2 eggs, beaten:1 cup flour:2 -1/2 cups breadcrumbs:1 teaspoon salt:1/2 teaspoon pepper:1/4 teaspoon nutmeg:1/2 cup butter","Serves 6:Place pork, one piece at a time in a gallon size plastic bag and pound with a meat mallet, starting in the center of meat and working out, until very thin.:Place pounded meat pieces between waxed paper and refrigerate.:Place flour in a baking dish. In another baking dish beat 2 eggs; in a third baking dish mix breadcrumbs, salt, pepper and nutmeg.:Set up dishes in order of use: flour, eggs and then breadcrumbs.:Melt butter in a heavy skillet until very hot (about 325°F).:Bread each piece of pork. First dredge in flour (shake off any excess), then egg and finally the breadcrumbs (pressing crumbs onto meat).:Fry 1 or 2 pieces at a time, about 2 minutes per side. Drain on paper towels and serve.:Note: Great served with a squeeze of lemon and capers!"
Rack Of Lamb With Died Garlic,,garlic:oil:salt:white pepper:onion:tomatoes:green beans:vegetable stock:thyme:lamb rack,"2 heads garlic:3 tablespoons canola oil:Salt:Fresh ground white pepper:1/2 cup diced onion:1/2 cup diced tomato:2 cups dry great White Northern Beans:1-1/2 quarts vegetable stock:Sprig of fresh thyme:2 lamb racks, ""frenched"" 8 bones each","Serves 4:To candy garlic: cut unpeeled heads of garlic in half, sideways, toss in a small mixing bowl with 3 tablespoons canola oil, season with salt and fresh pepper, and transfer all to a baking dish. Seal tightly with aluminum foil and bake for 90 minutes at 300°F until the garlic is tender and light golden brown.:Remove from oven and allow to cool. Remove the morsels and candied garlic from their skins with a cocktail fork. Set aside. Save the delicious garlic-infused oil for the beans.:To make the white bean ragout: In a medium saucepan, sautÈ the diced onion in the garlic oil until it just begins to brown. Add the diced tomato, white beans, candied garlic, vegetable stock and thyme and a good pinch of salt and fresh ground pepper. Bring to a simmer and cook gently for 2-1/2 hours until the beans are tender and have absorbed almost all of the broth. Adjust seasoning and reserve.:To roast the lamb: Turn up the oven to 450°F. Season the lamb racks with salt and fresh ground pepper, brush with canola oil, and sear in a large sautÈ pan until golden brown, about 3 minutes. Transfer to hot oven and roast for approximately another 14 minutes. Cover with aluminum foil for 10 minutes before slicing, so the meat will be an even pink from edge to edge (this is the key to success).:To serve: Slice lamp rack into 8 chops each, spoon the bean ragout into warm soup plates, and arrange lamb on top."
Roast Leg Of Lamb,,salt:pepper:lamb leg:garlic:vegetable oil:lemon juice:rosemary,"1 teaspoon salt:1/2 teaspoon pepper:5-pound leg of lamb:3 cloves garlic, slivered:1/4 cup vegetable oil:2 tablespoons lemon juice:1/2 teaspoon dried rosemary leaves","6-8 servings:Preheat oven to 325°F. Rub salt and pepper on lamb. Cut slits in lamb and insert garlic slivers. Place leg, fat-side-up, in roasting pan. Blend oil and lemon juice in small bowl. Brush onto lamb. Sprinkle lamb with rosemary. Roast at 325°F about 3 hours, or until internal temperature registers 1700 to 180°F, brushing with lemon juice mixture several times. Cover with aluminum foil and let stand 15 to 20 minutes before carving."
Spaghetti Bolognese,,beef mince:vegetable oil:mushrooms:onion:garlic:salt:black pepper:diced tomatoes:tomato sauce:basil:oregano:red pepper flakes:spaghetti:parmesan cheese,"1 /2 pound lean beef mince plus 1/2 pound bulk Italian sausage (or all beef mince):3 tablespoons vegetable oil:1/2 pound mushrooms, sliced:1 large onion, diced:1 tablespoon jarred minced garlic (or 2 large garlic cloves, peeled and minced):1 teaspoon salt:1 teaspoon freshly ground black pepper:1 can (14-1/2 ounces) diced tomatoes:1 can (15 ounces) tomato sauce:1 teaspoon dried basil:1 teaspoon dried oregano:1/2 teaspoon crushed red pepper flakes:3/4 pound uncooked spaghetti:Freshly grated Parmesan cheese (optional)","Preparation time - 20 minutes:Cook time - 30 minutes:Serves 4:Heat large skillet on medium-high heat. Add beef and sausage. Break up chunks with fork. Cook until no longer pink. Remove from pan with slotted spoon. Set aside. Discard drippings from pan.:Return skillet to medium-high heat. Heat oil. Add mushrooms, onion and garlic. SautÈ until onion is translucent. Stir in salt and pepper.:Return beef to pan. Add tomatoes, tomato sauce, basil, oregano and crushed red pepper flakes. Bring to boil. Reduce heat to low. Simmer sauce 20-30 minutes; stirring occasionally.:While sauce simmers, cook pasta according to package directions. Drain. Top with sauce. Serve with cheese, if desired."
Special Pork Chops,,pork chops:oil:salt:pepper:flour:orange juice:water:brown sugar:lemon juice:onion:orange,"6 pork chops, cut 3/4 inch thick:1/3 cup oil:1 teaspoon salt:1/8 teaspoon pepper:3 tablespoons flour:1-1/2 cups orange juice:1/4 cup water:1/4 cup firmly packed brown sugar:1 teaspoon lemon juice:6 thin onion slices:6 orange slices","Makes 6 servings:Advance Preparation: Trim fat from chops. In large skillet, brown chops on both sides in hot oil. Remove browned chops and season with salt and pepper. Pour off all fat from skillet and return 3 tablespoons to skillet. Blend in flour, then stir in orange juice and water.:Cook and stir till mixture is thickened and bubbly. Add brown sugar and lemon juice; mix well. Return chops to skillet. Simmer, covered, 20 minutes. Transfer chops and sauce to a 12 x 7 x 2-inch glass baking dish. Place an onion slice and an orange slice on each pork chop. Cover and refrigerate up to 24 hours.:To Serve: Preheat oven to 350°F. Bake, covered, for 20 minutes. Uncover and bake 25 minutes more, basting chops occasionally with sauce."
Stir-Fried Green Beans,,green beans:vegetable oil:water:salt,"1 pound green beans, rinsed with stems discarded:2 tablespoons vegetable oil:2 tablespoons water:1/2 teaspoon salt","Preparation time - 5 minutes:Total time - 10 minutes:4 servings:Cut (or break) beans into 2-inch sections.:Heat oil in large skillet on medium-high heat. Add beans.:Stir-fry 1 minute. Add water and salt. :Stir-fry 2 to 3 minutes, or until crisp-tender. Serve immediately."
Sweet And Spicy Barbecued Chicken,,butter:whole chicken:garlic:onion:tomato sauce:chili sauce:honey:worcestershire sauce:salt:pepper:chili powder:celery seed,"4 tablespoons butter, divided:2-1/2 to 3-pound broiler-fryer chicken, cut into 8 pieces:1 clove garlic, minced:1/3 cup chopped onion:1 can (8 ounces) tomato sauce:1/4 cup chili sauce:2 tablespoons honey:1 tablespoon worcestershire sauce:1/2 teaspoon salt:1/4 teaspoon pepper:1/4 teaspoon chili powder:1/4 teaspoon celery seed","4 to 6 Servings:Preheat oven to 350°F. In large skillet melt 2 tablespoons butter. Add chicken. Brown over medium-high heat. Place skin side up in 13 x 9 x 2-inch baking pan. Bake at 350°F for 30 minutes.:Meanwhile, in small saucepan melt remaining 2 tablespoons butter. Add garlic and onion. Cook and stir over medium heat until onion is tender. Stir in tomato sauce, chili sauce, honey, Worcestershire sauce, salt, pepper, chili powder and celery seed. Remove chicken from oven; drain fat and juices. Pour sauce over chicken. Bake for 35 to 40 minutes longer, or until chicken near bone is no longer pink.:"
Tangy Lemon Chicken,,plain flour:salt:paprika:chicken breast:lemon juice:vegetable oil:water:chicken stock:brown sugar:spring onions:lemon zest:parsley,"1/2 cup all-purpose flour:1 teaspoon salt:1 teaspoon paprika:4 boneless, skinless chicken breast halves:3 tablespoons lemon juice:3 tablespoons vegetable oil:3/4 cup boiling water:3/4 teaspoon instant chicken bouillon granules:2 tablespoons brown sugar:1/4 cup sliced green onions and tops:1-1/2 tablespoons grated lemon peel:2 tablespoons snipped parsley:Lemon slices and parsley for garnish, if desired","4 servings:Preparation time - 10 minutes:Cook time - 20 minutes:Combine flour, salt and paprika in a re-sealable plastic bag. Brush chicken with lemon juice; add chicken to the bag, a few pieces at a time, shaking to coat.:Heat oil over medium-high heat in large heavy skillet. Add chicken, brown on both sides. Combine water, bouillon granules, brown sugar and remaining lemon juice. Pour into skillet. Cover. :Reduce heat to low; simmer 5 minutes. Turn chicken. Sprinkle with onion and lemon peel. Cover; simmer 10 minutes. Serve garnished with lemon slices and additional parsley, if desired."
Teriyaki Chicken,,vegetable oil:soy sauce:honey:cider vinegar:garlic:ground ginger:pepper:chicken breast:cooking spray,"1/3 cup vegetable oil:1/3 cup soy sauce:3 tablespoons honey:1 tablespoon cider vinegar:1 large garlic clove, peeled and minced:1 teaspoon ground ginger:1/4 teaspoon freshly ground black pepper:4 boneless, skinless chicken breast halves trimmed and flattened to even thickness:cooking spray","Preparation time - 10 minutes :Marinate time- 30 minutes to overnight:Cook time - 10 minutes:4 servings:Combine oil, soy sauce, honey, vinegar, garlic, ginger and pepper in heavy re-sealable plastic bag or mixing bowl. Add chicken breasts; marinate 30 minutes, or longer, if desired.:Heat broiler. Line broiler pan with heavy duty aluminum foil; spray with non-stick spray.:Remove chicken from marinade. Place on prepared broiler rack. Pour marinade into small saucepan; bring to a boil. Boil until liquid is reduced by one-half.:Broil chicken 5 minutes per side or until chicken is no longer pink in center. Cut chicken into 1/2-inch slices. Drizzle slices with reduced marinade. Serve immediately.:"
Tortilla Chicken Wraps,,vegetable oil:chicken breast:cajun seasoning:garlic powder:pepper:tomatoes:lettuce:cheese:flour tortillas,"2 tablespoons vegetable oil:1 pound boneless, skinless chicken breast halves:1/2 teaspoon chicken seasoning:1/2 teaspoon garlic powder:1/4 teaspoon pepper:1 tomato, diced:1/2 cup shredded lettuce:1 -1/2 cups (6 ounces) shredded Monterey Jack and Colby cheese combination:6 to 8 (10-inch) flour tortillas","Serves 6 to 8:Heat oven to 350°F. Pour oil into 13x9x2-inch baking dish.:Rinse chicken; pat dry. Place in baking dish. Sprinkle with Cajun seasoning, garlic powder and pepper.:Bake for 20 to 25 minutes or until no longer pink in center. <I>Do not overbake.</I> Remove from oven. Allow chicken to cool. Cut into small pieces.:Spoon chicken, tomato, lettuce and cheese evenly over tortillas, keeping edges free. Wrap burrito-style. Return to baking dish. Bake for 5 minutes to melt cheese."
Tuna Pot Pie,,pie crust:oil:onion:plain flour:dill:marjoram:salt:skim milk:tuna:frozen vegetables:frozen peas:egg white,"pie crust:1 tablespoon butter or 1 tablespoon oil:1/4 cup minced onion:3 tablespoons all-purpose flour:1/4 teaspoon plus 1/8 teaspoon dried dill, divided:1/4 teaspoon dried marjoram:1/4 teaspoon salt:1-1/2 cups skim milk:1 can (12-1/2 to 13 ounces) solid white tuna in water, drained:1 (16 ounces) package frozen vegetable blend containing cauliflower, carrots, broccoli, green beans and lima beans:1/2 cup frozen peas:1 egg white, lightly beaten","Makes 8 servings:Prepare crust; set aside.:In 3-quart saucepan over medium heat, melt shortening. Add onion; cook, stirring often, until tender. Combine flour, 1/4 teaspoon dill, marjoram and salt; stir into onion mixture. Cook, stirring often, 1 minute. Stir in milk gradually; cook and stir until mixture thickens. Remove from heat. Break up tuna into bite-size pieces with fork; stir tuna, frozen vegetable blend and peas into mixture in saucepan.:Between lightly floured sheets of waxed paper, roll dough ""pancake"" into rectangle 1 inch larger than inverted 12 x 7-1/2 x 1-1/2-inch baking dish. Peel off top sheet.:Preheat oven to 400°F. Pour filling into baking dish. Moisten edge of dish with water. Flip crust onto filled dish. Remove waxed paper. Fold edge of pastry under. Flute. Cut slits or design in crust to allow steam to escape.:Brush egg white over crust. Sprinkle with 1/8 teaspoon dill. Bake pie 30 to 35 minutes or until crust is golden brown. Do not overbake.:"
Turkey Burgers,,turkey mince:spinach:cottage cheese:mozzarella cheese:egg:salt:pepper:vegetable oil:lettuce:tomatoes:hamburger buns,1 pound turkey mince:1/2 cup well-drained cooked spinach:1/2 cup cottage cheese:1/3 cup shredded mozzarella cheese:1 egg:1/2 teaspoon salt:1/4 teaspoon pepper:1/3 cup vegetable oil:lettuce:sliced tomatoes:8 toasted hamburger buns,"Serves 8:Rinse turkey; pat dry. Grind in food processor for 1 to 2 minutes.:Add spinach, cottage cheese, mozzarella cheese, egg, salt and pepper. Mix until well blended.:Heat oil in electric skillet set at 350°F. Drop turkey mixture, 1/8 at a time, into hot oil. Cook 1 minute. Turn. Flatten into patties. Cook for 4-1/2 minutes. Turn. Cook for 2 minutes.:Serve with lettuce and tomato on toasted buns.:Note: 1/2 of a 9-ounce package of frozen chopped spinach, thawed, drained and squeezed dry, may be substituted for cooked spinach.:Note: Turkey mixture can be dropped onto crushed cracker crumbs and more crumbs spooned over tops before frying."
Caesar Salad,,croutons:garlic:lettuce:lettuce:anchovies:vegetable oil:lemon juice:pepper:egg:parmesan cheese,"2 cups croutons:1 clove garlic, halved:4 cups torn romaine lettuce:4 cups torn Bibb lettuce:8 anchovy fillets, chopped:1/4 cup vegetable oil:1 tablespoon lemon juice:1/4 teaspoon pepper:1 egg:1/2 cup grated Parmesan cheese","6-8 servings:Prepare Homemade Croutons as directed. Set aside.:Rub inside of large salad bowl with cut sides of garlic. Discard garlic. Toss romaine lettuce, Bibb lettuce and anchovy fillets in prepared bowl. Cover and refrigerate about 1 hour.:Blend oil, lemon juice and pepper in small mixing bowl. Pour over lettuce mixture. Toss to coat. Break egg into salad. Mix well. Sprinkle with 2 cups Homemade Croutons and Parmesan cheese. Toss. Serve immediately."
Chef'S Salad,,lettuce:spinach:turkey breast:ham:swiss cheese:crackers:cherry tomatoes:olives:spring onions,"6 cups torn lettuce:6 ounces spinach, rinsed, drained, trimmed and torn into bite-size pieces:8 ounces cooked turkey, cut into thin strips:8 ounces fully-cooked ham, cut into thin strips:6 ounces Swiss cheese, cut into thin strips:1 cup broken melba cracker rounds:8 cherry tomatoes, halved:8 pitted black or green olives, halved:3 green onions, chopped","6-8 servings:Combine all ingredients in large salad bowl or divide ingredients among individual salad bowls. Garnish with <I>hard-cooked egg slices,</I> it desired. Serve with desired dressing."
Cucumber Salad,,cucumber:salt:onion:cider vinegar:vegetable oil:sugar:caraway:paprika:pepper,"3 medium cucumbers, scored lengthwise with tines of fork and thinly sliced:3/4 teaspoon salt, divided:1/3 cup chopped onion:1/3 cup cider vinegar:3 tablespoons vegetable oil:2 tablespoons sugar:1-1/2 teaspoon caraway seed:1/2 teaspoon paprika:1/8 teaspoon pepper",6-8 servings:Place cucumbers in medium mixing bowl. Sprinkle with 1/4 teaspoon salt. Let stand about 1 hour. Drain.:Blend remaining ingredients and remaining 1/2 teaspoon salt in small mixing bowl. Pour over cucumbers. Toss to coat. Cover and refrigerate at least 3 hours. Stir before serving.
Garden Chicken Salad,,cooked chicken:zucchini:carrots:onion:parsley:mayonnaise:sour cream:celery salt:pepper:vegetable oil:almonds,2 to 3 cups cut-up cooked chicken:1/2 cup chopped zucchini:1/4 cup chopped carrot:2 tablespoons chopped onion:2 tablespoons snipped parsley:1/3 cup mayonnaise:1/4 cup dairy sour cream:1/2 teaspoon celery salt:1/8 teaspoon pepper:1 tablespoon vegetable oil:1/2 cup sliced almonds,"4-6 servings:Combine chicken, zucchini, carrot, onion and parsley in small serving bowl. Set aside. Mix 1/3 cup mayonnaise, sour cream, celery salt and pepper in small mixing bowl. Add to chicken mixture. Mix well. Cover and refrigerate at least 2 hours.:Heat oil in small skillet. Add almonds. Cook over moderate heat, stirring constantly, about 4 minutes, or until almonds are light golden brown. Drain on paper towels. Cool. Sprinkle on chicken salad.:<I>Turkey Salad:</I> Follow recipe above, substituting turkey for chicken."
Herbed Chicken And Rice Salad,,mayonnaise:oil:white wine vinegar:tarragon:chervil:dry mustard:salt:spring onions:sweet onion:cooked chicken:cooked rice:celery:watercress,"1/2 cup mayonnaise:3 tablespoons canola oil:4 tablespoons white wine vinegar:1 teaspoon dried tarragon:1 teaspoon dried chervil:1 teaspoon dry mustard:1/2 teaspoon salt:4 green onions, thinly sliced:1/2 cup chopped sweet onion:2 cups cooked chicken, chopped:1 cup long grain rice cooked and chilled:1/2 cup chopped celery:Watercress (optional)","Preparation time - 15 minutes:Total time - 15 minutes :4-6 servings:In a medium bowl, combine mayonnaise, canola oil, vinegar, tarragon, chervil, mustard, and salt. Stir until blended and smooth. In a large mixing bowl, combine green onions, sweet onion, chicken, rice and celery. Add dressing; toss to coat. Cover and refrigerate until ready to serve. Garnish with watercress, if desired."
Tabbouleh,,bulgur:water:cucumber:tomatoes:parsley:vegetable oil:spring onions:lemon juice:mint:garlic:salt:white pepper:cayenne,"3/4 cup bulgur, rinsed and drained:Boiling water:2 cups seeded, chopped cucumber:1 large tomato, seeded and chopped:1 cup snipped parsley:1/3 cup vegetable oil:1/3 cup chopped green onion:2 tablespoons lemon juice:1 teaspoon dried mint:2 cloves garlic, minced:1/2 teaspoon salt:1/8 teaspoon white pepper:1/8 teaspoon cayenne","10-12 servings:Place bulgur in medium mixing bowl. Add enough boiling water to just cover bulgur. Let stand about 1 hour, or until bulgur is rehydrated. Drain.:Combine bulgur, cucumber, tomato and parsley in large serving bowl. Set aside. Blend remaining ingredients in small mixing bowl. Pour over bulgur mixture. Toss to coat. Cover and refrigerate at least 3 hours. Stir before serving."
Vegetable Potato Salad,,cider vinegar:vegetable oil:mustard:salt:pepper:potatoes:carrots:celery:spring onions:radish:tomatoes,"1/2 cup cider vinegar:1/4 cup vegetable oil:1/2 teaspoon prepared mustard:1/2 teaspoon salt:1/4 teaspoon pepper:2 -3/4 pounds unpeeled medium red potatoes:3 medium carrots, cut into thin 2-inch sticks:3 ribs celery, sliced:3 green onions with tops, chopped:6 radishes, sliced:4 tomatoes, quartered","Serves 8:Combine vinegar, oil, mustard, salt and pepper in container with tight-fitting lid. Shake well.:Cook potatoes just until tender. Cool 5 minutes. Cut into bite-size pieces.:Combine in large salad bowl with carrots, celery, onions and radishes. Shake dressing. Pour over salad. Toss to mix well. Serve immediately or refrigerate. Top with tomato wedges."
Fried Rice,,rice:vegetable oil:egg:soy sauce:peas:carrots,"1 cup uncooked long grain rice:3 tablespoons vegetable oil:2 eggs:3 tablespoons soy sauce:1 cup frozen peas and carrots, thawed","Preparation time - 10 minutes:Total time - 1 Hour:4 servings:Bring large pot of salted water to a boil. Add rice. Boil 15 to 20 minutes, or until grains are tender. Drain in colander. Rinse with cold tap water until cooled. Refrigerate 20 minutes on baking sheet lined with plastic wrap.:Heat oil in wok or large skillet on medium-high heat. Break eggs into oil. Scramble with spatula. Add chilled rice and soy sauce. Stir 2 minutes, or until rice is heated and eggs are cooked. Add peas and carrots. Cook 1 minute to heat vegetables. Serve immediately."
Fried Tomatoes,,tomatoes:yellow cornmeal:salt:sugar:pepper:butter,4 very firm green tomatoes:1/2 cup yellow cornmeal:1-1/4 teaspoon salt:1/2 teaspoon sugar:1/8 teaspoon pepper:1/4 cup butter,"4 servings:Cut out stem ends of tomatoes and slice 1/2 inch thick.:Mix cornmeal, salt, sugar, and pepper in a shallow dish. Coat both sides of tomato slices with the mixture.:Melt butter in a large heavy skillet over medium-high heat. Add as many tomato slices at one time as will lie flat in skillet. Lightly brown both sides, turning once; cook only until tender."
Onion Soup,,butter:onion:beef stock:pepper sauce:butter:bread:parmesan cheese,"1/4 cup butter:6 cups thinly sliced onions (about 4 medium):4 cans (14.5 ounce each) beef broth:1/2 teaspoon hot pepper sauce, divided:1 tablespoon butter or margarine, softened:6 slices french bread:2 tablespoons grated parmesan cheese","Serves 4-6:Melt butter in a Dutch oven over medium high heat. Add onions and cook until tender but not brown, stirring occasionally.:Add broth and 1/4 teaspoon hot pepper sauce. Bring to a boil; reduce heat and simmer covered for 30 minutes.:When ready to serve, blend butter and remaining 1/4 teaspoon hot pepper sauce. Toast bread slices on one side under broiler. Spread un-toasted side with hot pepper sauce butter and sprinkle with Parmesan cheese. Place under broiler for 1 minute or until cheese is bubbly. Pour soup into a tureen or bowls and float bread slices on top."
Sweet Potato Chips,,sweet potato:oil:salt,"1 large sweet potato:oil for deep frying:Salt (plain, onion, garlic, or seasoned)","4 Servings:Pare potato with vegetable peeler, then pull vegetable peeler down length of potato making long, thin strips.:Heat a 1-1/2-inch layer of oil to 365°F in a deep heavy saucepan.:Add about 1 cup of potato strips to hot oil. Fry for 1 minute or until light golden brown.:Remove strips from oil with a slotted spoon and drain on paper towels.:Sprinkle with desired salt before serving.:"
Weekend Potatoes,,potatoes:onion:salt:pepper:butter:chives:salt,"3 pounds russet baking potatoes, washed and boiled for 20 minutes or until fork tender, then chilled overnight:2 medium onions, halved lengthwise and thinly sliced crosswise:1 -1/2 teaspoons salt:1 -1/2 teaspoons black pepper:6 tablespoons butter:3 tablespoons finely chopped fresh chives:Salt and pepper to taste","Serves 6:Chill time- overnight:Cook time 15 to 20 minutes:Note: the potatoes are chilled overnight after boiling so they won't fall apart when they are sliced and sautÈd.:<BE>Quarter potatoes lengthwise then cut crosswise into 1/2-inch pieces.:Cook onions in 2 tablespoons butter in a 12-inch nonstick skillet over moderately low heat. Stir occasionally, until pale golden, 10 to 15 minutes.:Push onions to edges of skillet.:Add 4 tablespoons butter to skillet, over moderately high heat. SautÈ potatoes with salt and pepper. Stir occasionally, until golden, 8 to 12 minutes.:Mix onions back into potatoes gently. Toss in chives.:Season with additional salt and pepper. Serve."
Country Cream Of Chicken Chowder,,oil:onion:plain flour:chicken stock:milk:bay leaf:hash browns:mixed vegetables:cooked chicken:spring onions:dill:bacon:salt:pepper:parsley,"1/4 cup canola oil:1 small onion, finely chopped:1/4 cup all-purpose flour:2 14.5 ounces cans chicken broth:2 cups milk:1 bay leaf:3 cups frozen hash browns, diced variety:1 16 ounce bag frozen mixed vegetables:1 -1/2 cups finely chopped cooked chicken:2 green onions, finely chopped:1 teaspoon dried dill:3 strips crisply cooked bacon, crumbled:Salt and pepper to taste:2 tablespoons chopped parsley","Preparation time - 15 minutes:Cook time - 25 minutes:Serves 6-8:Heat canola oil in large saucepan over medium heat. Add onion; cook and stir until tender. Stir in flour; cook until bubbly. Gradually stir in broth and milk; bring to a boil, stirring. Reduce heat.:Add bay leaf, diced hash browns, mixed vegetables, chicken, green onions and dill. Simmer until vegetables are tender. Remove bay leaf. Stir in bacon. Season to taste with salt and pepper. Serve sprinkled with parsley.:(Note: For best flavor, make a day ahead and reheat. Thin with more milk if necessary.)"
Meatless Italian Minestrone,,vegetable oil:celery:onion:garlic:canned tomatoes:cabbage:carrots:tomato juice:white kidney beans:kidney beans:garbanzo beans:parsley:oregano:basil:macaroni:parmesan cheese:salt:pepper,"1 tablespoon vegetable oil:1 -1/3 cups chopped celery:1/2 cup chopped onion:2 to 3 garlic cloves, minced:2 cans (14-1/2 ounces each) no-salt added tomatoes, undrained and chopped:4 cups chopped cabbage:1 -1/3 cups chopped carrots:1 can (46 ounces) no salt added tomato juice:1 can (19 ounces) white kidney beans (cannellini), drained:1 can (15-1/2 ounces) red kidney beans, drained:1 can (15 ounces) garbanzo beans, drained:1/4 cup chopped parsley:1 tablespoon plus 1 teaspoon dried oregano leaves:1 tablespoon plus 1 teaspoon dried basil:3/4 cup (4 ounces) uncooked small elbow macaroni, cooked (without salt or fat) and well drained:1/4 cup grated Parmesan cheese:Salt and Pepper (optional)","Serves 16:Heat oil in large saucepan on medium heat.:Add celery, onion and garlic. Cook and stir until crisp-tender. :Stir in tomatoes with liquid, cabbage and carrots. Reduce heat to low. Cover. Simmer until vegetables are tender.:Stir in tomato juice, beans, parsley, oregano and basil. Simmer until beans are heated. Stir in macaroni just before serving. Serve sprinkled with Parmesan cheese. Season with salt and pepper, if desired."
Quick And Easy Spinach Pie,,spinach:onion:egg:cottage cheese:feta:salt:black pepper:nutmeg:dill:filo pastry:cooking spray,"2 10-ounce packages chopped spinach, thawed, drained and squeezed dry:3 -4 green onions, chopped:4 eggs, lightly beaten:1/2 cup cottage cheese:1 4-ounce container crumbled feta:1/2 teaspoon salt:1/4 teaspoon black pepper:1/4 teaspoon nutmeg:1 teaspoon dill:10 sheets phyllo dough, thawed:cooking spray","Serves 4-6:Preheat oven to 350 degrees.:Spray an 8x8 baking dish with non-stick spray. In a medium bowl, stir together first 9 ingredients.:Lay one sheet of phyllo in the baking dish, allowing edges to hang over. Spray completely with non-stick spray. Repeat with 4 more sheets of phyllo, spraying and alternating the direction of each sheet. Transfer spinach mixture to phyllo lined dish. Spray and layer remaining sheets as directed for bottom layer. Turn in edges to form a rim. Spray rim and top layer. Bake for 35-45 minutes or until golden brown. Let stand 15 minutes before slicing into 4-6 pieces."